{"cameraMode":{"drawMode":0,"name":"Shaded","section":"Shading Mode"},"sceneLighting":true,"audioPlay":false,"sceneViewState":{"m_AlwaysRefresh":false,"showFog":true,"showSkybox":true,"showFlares":true,"showImageEffects":true,"showParticleSystems":true,"showVisualEffectGraphs":true,"m_FxEnabled":true},"in2DMode":false,"pivot":{"x":-10.680620193481446,"y":10.368045806884766,"z":-5.471529006958008},"rotation":{"x":-0.00808641780167818,"y":0.07522355020046234,"z":-0.0006096258293837309,"w":-0.9971390962600708},"size":4.313655853271484,"orthographic":false}